UserID,Username,PasswordHash,Role
1,Alice Johnson,password1,Member
2,Bob Smith,password2,Member
3,Charlie Brown,password3,Member
4,David Lee,password4,Member
5,Eva Martinez,password5,Member
6,Frank White,password6,Member
7,Grace Green,password7,Member
8,Hannah Clark,password8,Member
9,Ian Wilson,password9,Member
10,Jack Turner,password10,Member
11,Karen Adams,password11,Member
12,Liam Scott,password12,Member
13,Mia Cooper,password13,Member
14,Nathan Brooks,password14,Member
15,Olivia Allen,password15,Member
16,Paul Harris,password16,Member
17,Quinn Evans,password17,Member
18,Rita Young,password18,Member
19,Sarah King,password19,Member
20,admin1,adminpass,Admin
21,lib,libpass,Librarian
22,user1,password,Member
